USE [master]
GO
/****** Object:  Database [CINEMAX] ******/
CREATE DATABASE [CINEMAX]
GO
/*ALTER DATABASE [CINEMAX] SET ANSI_NULL_DEFAULT OFF 
GO
ALTER DATABASE [CINEMAX] SET ANSI_NULLS OFF 
GO
ALTER DATABASE [CINEMAX] SET ANSI_PADDING OFF 
GO
ALTER DATABASE [CINEMAX] SET ANSI_WARNINGS OFF 
GO
ALTER DATABASE [CINEMAX] SET ARITHABORT OFF 
GO
ALTER DATABASE [CINEMAX] SET AUTO_CLOSE ON 
GO
ALTER DATABASE [CINEMAX] SET AUTO_SHRINK OFF 
GO
ALTER DATABASE [CINEMAX] SET AUTO_UPDATE_STATISTICS ON 
GO
ALTER DATABASE [CINEMAX] SET CURSOR_CLOSE_ON_COMMIT OFF 
GO
ALTER DATABASE [CINEMAX] SET CURSOR_DEFAULT  GLOBAL 
GO
ALTER DATABASE [CINEMAX] SET CONCAT_NULL_YIELDS_NULL OFF 
GO
ALTER DATABASE [CINEMAX] SET NUMERIC_ROUNDABORT OFF 
GO
ALTER DATABASE [CINEMAX] SET QUOTED_IDENTIFIER OFF 
GO
ALTER DATABASE [CINEMAX] SET RECURSIVE_TRIGGERS OFF 
GO
ALTER DATABASE [CINEMAX] SET  ENABLE_BROKER 
GO
ALTER DATABASE [CINEMAX] SET AUTO_UPDATE_STATISTICS_ASYNC OFF 
GO
ALTER DATABASE [CINEMAX] SET DATE_CORRELATION_OPTIMIZATION OFF 
GO
ALTER DATABASE [CINEMAX] SET TRUSTWORTHY OFF 
GO
ALTER DATABASE [CINEMAX] SET ALLOW_SNAPSHOT_ISOLATION OFF 
GO
ALTER DATABASE [CINEMAX] SET PARAMETERIZATION SIMPLE 
GO
ALTER DATABASE [CINEMAX] SET READ_COMMITTED_SNAPSHOT OFF 
GO
ALTER DATABASE [CINEMAX] SET HONOR_BROKER_PRIORITY OFF 
GO
ALTER DATABASE [CINEMAX] SET RECOVERY SIMPLE 
GO
ALTER DATABASE [CINEMAX] SET  MULTI_USER 
GO
ALTER DATABASE [CINEMAX] SET PAGE_VERIFY CHECKSUM  
GO
ALTER DATABASE [CINEMAX] SET DB_CHAINING OFF 
GO
ALTER DATABASE [CINEMAX] SET FILESTREAM( NON_TRANSACTED_ACCESS = OFF ) 
GO
ALTER DATABASE [CINEMAX] SET TARGET_RECOVERY_TIME = 60 SECONDS 
GO
ALTER DATABASE [CINEMAX] SET DELAYED_DURABILITY = DISABLED 
GO
ALTER DATABASE [CINEMAX] SET ACCELERATED_DATABASE_RECOVERY = OFF  
GO
ALTER DATABASE [CINEMAX] SET QUERY_STORE = OFF
GO*/
USE [CINEMAX]
GO
/****** Object:  Table [dbo].[AREA] ******/
SET ANSI_NULLS ON
GO
SET QUOTED_IDENTIFIER ON
GO
CREATE TABLE [dbo].[AREA](
	[AID] [varchar](5) NOT NULL,
	[ANAME] [nvarchar](30) NOT NULL,
PRIMARY KEY CLUSTERED 
(
	[AID] ASC
)WITH (PAD_INDEX = OFF, STATISTICS_NORECOMPUTE = OFF, IGNORE_DUP_KEY = OFF, ALLOW_ROW_LOCKS = ON, ALLOW_PAGE_LOCKS = ON, OPTIMIZE_FOR_SEQUENTIAL_KEY = OFF) ON [PRIMARY]
) ON [PRIMARY]
GO
/****** Object:  Table [dbo].[BILL] ******/
SET ANSI_NULLS ON
GO
SET QUOTED_IDENTIFIER ON
GO
CREATE TABLE [dbo].[BILL](
	[BID] [varchar](10) NOT NULL,
	[USERNAME] [varchar](20) NOT NULL,
	[SID] [varchar](5) NOT NULL,
	[TERM] [nvarchar](20) NOT NULL,
	[FID] [varchar](20),
	[TOTAL] [int] NOT NULL,
	[DCreate] [datetime] NOT NULL
PRIMARY KEY CLUSTERED 
(
	[BID] ASC
)WITH (PAD_INDEX = OFF, STATISTICS_NORECOMPUTE = OFF, IGNORE_DUP_KEY = OFF, ALLOW_ROW_LOCKS = ON, ALLOW_PAGE_LOCKS = ON, OPTIMIZE_FOR_SEQUENTIAL_KEY = OFF) ON [PRIMARY]
) ON [PRIMARY]
GO
/****** Object:  Table [dbo].[CINEMA] ******/
SET ANSI_NULLS ON
GO
SET QUOTED_IDENTIFIER ON
GO
CREATE TABLE [dbo].[CINEMA](
	[CID] [varchar](5) NOT NULL,
	[CNAME] [nvarchar](30) NOT NULL,
	[AID] [varchar](5) NOT NULL,
PRIMARY KEY CLUSTERED 
(
	[CID] ASC
)WITH (PAD_INDEX = OFF, STATISTICS_NORECOMPUTE = OFF, IGNORE_DUP_KEY = OFF, ALLOW_ROW_LOCKS = ON, ALLOW_PAGE_LOCKS = ON, OPTIMIZE_FOR_SEQUENTIAL_KEY = OFF) ON [PRIMARY]
) ON [PRIMARY]
GO
/****** Object:  Table [dbo].[CUSTOMER] ******/
SET ANSI_NULLS ON
GO
SET QUOTED_IDENTIFIER ON
GO
CREATE TABLE [dbo].[CUSTOMER](
	[Username] [varchar](20) NOT NULL,
	[Password] [varchar](50) NOT NULL,
	[Name] [nvarchar](50) NOT NULL,
	[NID] [varchar](12) NOT NULL,
	[Birthday] [date] NOT NULL,
	[Email] [varchar](30) NOT NULL,
	[Phone] [varchar](10) NOT NULL,
	[Gender] [varchar](1) NOT NULL,
	[Point] [int] NOT NULL,
PRIMARY KEY CLUSTERED 
(
	[Username] ASC
)WITH (PAD_INDEX = OFF, STATISTICS_NORECOMPUTE = OFF, IGNORE_DUP_KEY = OFF, ALLOW_ROW_LOCKS = ON, ALLOW_PAGE_LOCKS = ON, OPTIMIZE_FOR_SEQUENTIAL_KEY = OFF) ON [PRIMARY]
) ON [PRIMARY]
GO
CREATE TABLE [dbo].[FOOD](
	[FID] [varchar](20),
	[Name] [varchar](30) NOT NULL,
	[Price] [int] NOT NULL,
	[Quantity] [int] NOT NULL,
PRIMARY KEY CLUSTERED 
(
	[FID] ASC
)WITH (PAD_INDEX = OFF, STATISTICS_NORECOMPUTE = OFF, IGNORE_DUP_KEY = OFF, ALLOW_ROW_LOCKS = ON, ALLOW_PAGE_LOCKS = ON, OPTIMIZE_FOR_SEQUENTIAL_KEY = OFF) ON [PRIMARY]
) ON [PRIMARY]
GO

/****** Object:  Table [dbo].[MOVIE] ******/
SET ANSI_NULLS ON
GO
SET QUOTED_IDENTIFIER ON
GO
CREATE TABLE [dbo].[MOVIE](
	[MID] [varchar](5) NOT NULL,
	[MNAME] [nvarchar](50) NOT NULL,
	[DIRECTOR] [nvarchar](50) NOT NULL,
	[LENGTH] [time](7) NOT NULL,
PRIMARY KEY CLUSTERED 
(
	[MID] ASC
)WITH (PAD_INDEX = OFF, STATISTICS_NORECOMPUTE = OFF, IGNORE_DUP_KEY = OFF, ALLOW_ROW_LOCKS = ON, ALLOW_PAGE_LOCKS = ON, OPTIMIZE_FOR_SEQUENTIAL_KEY = OFF) ON [PRIMARY]
) ON [PRIMARY]
GO
/****** Object:  Table [dbo].[ROOM] ******/
SET ANSI_NULLS ON
GO
SET QUOTED_IDENTIFIER ON
GO
CREATE TABLE [dbo].[ROOM](
	[RID] [varchar](5) NOT NULL,
	[RNumber] [int] NOT NULL,
	[CID] [varchar](5) NOT NULL,
PRIMARY KEY CLUSTERED 
(
	[RID] ASC
)WITH (PAD_INDEX = OFF, STATISTICS_NORECOMPUTE = OFF, IGNORE_DUP_KEY = OFF, ALLOW_ROW_LOCKS = ON, ALLOW_PAGE_LOCKS = ON, OPTIMIZE_FOR_SEQUENTIAL_KEY = OFF) ON [PRIMARY]
) ON [PRIMARY]
GO
/****** Object:  Table [dbo].[SESSION] ******/
SET ANSI_NULLS ON
GO
SET QUOTED_IDENTIFIER ON
GO
CREATE TABLE [dbo].[SESSION](
	[SID] [varchar](5) NOT NULL,
	[MID] [varchar](5) NOT NULL,
	[PRICE] [int] NOT NULL,
	[SD] [datetime] NOT NULL,
	[MFORMAT] [nvarchar](6) NOT NULL,
	[SUBTITLE] [nvarchar](20) NOT NULL,
	[RID] [varchar](5) NOT NULL,
 CONSTRAINT [PK_SESSION] PRIMARY KEY CLUSTERED 
(
	[SID] ASC
)WITH (PAD_INDEX = OFF, STATISTICS_NORECOMPUTE = OFF, IGNORE_DUP_KEY = OFF, ALLOW_ROW_LOCKS = ON, ALLOW_PAGE_LOCKS = ON, OPTIMIZE_FOR_SEQUENTIAL_KEY = OFF) ON [PRIMARY]
) ON [PRIMARY]
GO
/****** Object:  Table [dbo].[TICKET] ******/
SET ANSI_NULLS ON
GO
SET QUOTED_IDENTIFIER ON
GO
CREATE TABLE [dbo].[TICKET](
	[TID] [varchar](13) NOT NULL,
	[BID] [varchar](10) NOT NULL,
	[CHAIR] [varchar](3) NOT NULL,
PRIMARY KEY CLUSTERED 
(
	[TID] ASC
)WITH (PAD_INDEX = OFF, STATISTICS_NORECOMPUTE = OFF, IGNORE_DUP_KEY = OFF, ALLOW_ROW_LOCKS = ON, ALLOW_PAGE_LOCKS = ON, OPTIMIZE_FOR_SEQUENTIAL_KEY = OFF) ON [PRIMARY]
) ON [PRIMARY]
GO
INSERT [dbo].[AREA] ([AID], [ANAME]) VALUES (N'A0001', N'HA NOI')
INSERT [dbo].[AREA] ([AID], [ANAME]) VALUES (N'A0002', N'DA NANG')
INSERT [dbo].[AREA] ([AID], [ANAME]) VALUES (N'A0003', N'HO CHI MINH CITY')
GO
INSERT [dbo].[BILL] ([BID], [USERNAME], [SID], [TERM], [FID], [TOTAL], [DCreate]) VALUES (N'S000200001', N'admin', N'S0002', N'Enthernet Banking','',1000, '2022-12-11 17:00:00')
INSERT [dbo].[BILL] ([BID], [USERNAME], [SID], [TERM], [FID], [TOTAL], [DCreate]) VALUES (N'S000200002', N'legend', N'S0002', N'Paypal','',1000, '2022-12-13 17:00:00')
INSERT [dbo].[BILL] ([BID], [USERNAME], [SID], [TERM], [FID], [TOTAL], [DCreate]) VALUES (N'S001600001', N'admin', N'S0016', N'Momo','',1000, '2022-12-9 17:00:00')
INSERT [dbo].[BILL] ([BID], [USERNAME], [SID], [TERM], [FID], [TOTAL], [DCreate]) VALUES (N'S001900001', N'admin', N'S0019', N'Momo','',1000, '2022-12-9 17:00:00')
INSERT [dbo].[BILL] ([BID], [USERNAME], [SID], [TERM], [FID], [TOTAL], [DCreate]) VALUES (N'S002400001', N'admin', N'S0024', N'Visa','',1000, '2022-11-28 17:00:00')
GO
INSERT [dbo].[FOOD] ([FID], [Name], [Price], [Quantity]) VALUES ('', 'reference', 0, 0)
INSERT [dbo].[FOOD] ([FID], [Name], [Price], [Quantity]) VALUES ('F01', 'Popcorn', 35000, 500)
INSERT [dbo].[FOOD] ([FID], [Name], [Price], [Quantity]) VALUES ('F02', 'Pepsi', 25000, 300)
INSERT [dbo].[FOOD] ([FID], [Name], [Price], [Quantity]) VALUES ('F03', 'Coca', 25000, 1000)
INSERT [dbo].[FOOD] ([FID], [Name], [Price], [Quantity]) VALUES ('F04', 'Mirinda', 25000, 700)
INSERT [dbo].[FOOD] ([FID], [Name], [Price], [Quantity]) VALUES ('F05', 'Combo (Popcorn + Beverage)', 45000,1200)
GO
INSERT [dbo].[CINEMA] ([CID], [CNAME], [AID]) VALUES (N'BH001', N'GALAXY TAN BINH', N'A0003')
INSERT [dbo].[CINEMA] ([CID], [CNAME], [AID]) VALUES (N'BH002', N'GALAXY NGUYEN DU', N'A0003')
INSERT [dbo].[CINEMA] ([CID], [CNAME], [AID]) VALUES (N'DN001', N'GALAXY DA NANG', N'A0002')
INSERT [dbo].[CINEMA] ([CID], [CNAME], [AID]) VALUES (N'HN001', N'TRANG THI CINEMA', N'A0001')
INSERT [dbo].[CINEMA] ([CID], [CNAME], [AID]) VALUES (N'HN002', N'MIPEC LONG BIEN CINEMA', N'A0001')
GO
INSERT [dbo].[CUSTOMER] ([Username], [Password], [Name], [NID], [Birthday], [Email], [Phone], [Gender], [Point]) VALUES (N'admin', N'12345678', N'jake', N'123456789', CAST(N'2002-10-29' AS Date), N'admin', N'admin', N'M',0)
INSERT [dbo].[CUSTOMER] ([Username], [Password], [Name], [NID], [Birthday], [Email], [Phone], [Gender], [Point]) VALUES (N'legend', N'00000000', N'jake', N'123456789', CAST(N'2002-10-29' AS Date), N'admin', N'admin', N'M',0)
GO
INSERT [dbo].[MOVIE] ([MID], [MNAME], [DIRECTOR], [LENGTH]) VALUES (N'MV001', N'Titanic', N'James Cameron', CAST(N'03:20:00' AS Time))
INSERT [dbo].[MOVIE] ([MID], [MNAME], [DIRECTOR], [LENGTH]) VALUES (N'MV002', N'Avatar', N'James Cameron', CAST(N'03:10:00' AS Time))
INSERT [dbo].[MOVIE] ([MID], [MNAME], [DIRECTOR], [LENGTH]) VALUES (N'MV003', N'One Piece Film Red', N'Goro Taniguchi', CAST(N'1:55:00' AS Time))
INSERT [dbo].[MOVIE] ([MID], [MNAME], [DIRECTOR], [LENGTH]) VALUES (N'MV004', N'Black Adam', N'Jaume Collet-Serra', CAST(N'02:05:00' AS Time))
select * from MOVIE
GO
INSERT [dbo].[ROOM] ([RID], [RNUMBER], [CID]) VALUES (N'R0001', 1, N'HN001')
INSERT [dbo].[ROOM] ([RID], [RNUMBER], [CID]) VALUES (N'R0002', 2, N'HN001')
INSERT [dbo].[ROOM] ([RID], [RNUMBER], [CID]) VALUES (N'R0003', 3, N'HN001')
INSERT [dbo].[ROOM] ([RID], [RNUMBER], [CID]) VALUES (N'R0004', 1, N'HN002')
INSERT [dbo].[ROOM] ([RID], [RNUMBER], [CID]) VALUES (N'R0005', 2, N'HN002')
INSERT [dbo].[ROOM] ([RID], [RNUMBER], [CID]) VALUES (N'R0006', 1, N'DN001')
INSERT [dbo].[ROOM] ([RID], [RNUMBER], [CID]) VALUES (N'R0007', 2, N'DN001')
INSERT [dbo].[ROOM] ([RID], [RNUMBER], [CID]) VALUES (N'R0008', 1, N'BH001')
INSERT [dbo].[ROOM] ([RID], [RNUMBER], [CID]) VALUES (N'R0009', 2, N'BH001')
INSERT [dbo].[ROOM] ([RID], [RNUMBER], [CID]) VALUES (N'R0010', 1, N'BH002')
INSERT [dbo].[ROOM] ([RID], [RNUMBER], [CID]) VALUES (N'R0011', 2, N'BH002')
INSERT [dbo].[ROOM] ([RID], [RNUMBER], [CID]) VALUES (N'R0012', 3, N'BH002')
GO
INSERT [dbo].[SESSION] ([SID], [MID], [PRICE], [SD], [MFORMAT], [SUBTITLE], [RID]) VALUES (N'S0001', N'MV001', 120000, CAST(N'2022-12-10T12:00:00.000' AS DateTime), N'Normal', N'Vietsub', N'R0011')
INSERT [dbo].[SESSION] ([SID], [MID], [PRICE], [SD], [MFORMAT], [SUBTITLE], [RID]) VALUES (N'S0002', N'MV001', 140000, CAST(N'2022-12-10T12:30:00.000' AS DateTime), N'Normal', N'Viet-Dubbed', N'R0002')
INSERT [dbo].[SESSION] ([SID], [MID], [PRICE], [SD], [MFORMAT], [SUBTITLE], [RID]) VALUES (N'S0003', N'MV002', 120000, CAST(N'2022-12-12T16:30:00.000' AS DateTime), N'Normal', N'Vietsub', N'R0003')
INSERT [dbo].[SESSION] ([SID], [MID], [PRICE], [SD], [MFORMAT], [SUBTITLE], [RID]) VALUES (N'S0004', N'MV001', 150000, CAST(N'2022-12-11T16:00:00.000' AS DateTime), N'Normal', N'Vietsub', N'R0001')
INSERT [dbo].[SESSION] ([SID], [MID], [PRICE], [SD], [MFORMAT], [SUBTITLE], [RID]) VALUES (N'S0005', N'MV002', 160000, CAST(N'2022-12-10T19:00:00.000' AS DateTime), N'IMAX', N'Vietsub', N'R0008')
INSERT [dbo].[SESSION] ([SID], [MID], [PRICE], [SD], [MFORMAT], [SUBTITLE], [RID]) VALUES (N'S0006', N'MV001', 120000, CAST(N'2022-12-11T12:00:00.000' AS DateTime), N'Normal', N'Viet-Dubbed', N'R0012')
INSERT [dbo].[SESSION] ([SID], [MID], [PRICE], [SD], [MFORMAT], [SUBTITLE], [RID]) VALUES (N'S0007', N'MV001', 110000, CAST(N'2022-12-10T16:00:00.000' AS DateTime), N'Normal', N'Vietsub', N'R0005')
INSERT [dbo].[SESSION] ([SID], [MID], [PRICE], [SD], [MFORMAT], [SUBTITLE], [RID]) VALUES (N'S0008', N'MV002', 125000, CAST(N'2022-12-10T19:00:00.000' AS DateTime), N'Normal', N'Vietsub', N'R0004')
INSERT [dbo].[SESSION] ([SID], [MID], [PRICE], [SD], [MFORMAT], [SUBTITLE], [RID]) VALUES (N'S0009', N'MV001', 160000, CAST(N'2022-12-11T16:30:00.000' AS DateTime), N'IMAX', N'Vietsub', N'R0006')
INSERT [dbo].[SESSION] ([SID], [MID], [PRICE], [SD], [MFORMAT], [SUBTITLE], [RID]) VALUES (N'S0010', N'MV001', 130000, CAST(N'2022-12-10T13:00:00.000' AS DateTime), N'Normal', N'Vietsub', N'R0006')
INSERT [dbo].[SESSION] ([SID], [MID], [PRICE], [SD], [MFORMAT], [SUBTITLE], [RID]) VALUES (N'S0011', N'MV002', 130000, CAST(N'2022-12-10T16:00:00.000' AS DateTime), N'Normal', N'Vietsub', N'R0003')
INSERT [dbo].[SESSION] ([SID], [MID], [PRICE], [SD], [MFORMAT], [SUBTITLE], [RID]) VALUES (N'S0012', N'MV001', 120000, CAST(N'2022-12-11T15:00:00.000' AS DateTime), N'Normal', N'Viet-Dubbed', N'R0008')
INSERT [dbo].[SESSION] ([SID], [MID], [PRICE], [SD], [MFORMAT], [SUBTITLE], [RID]) VALUES (N'S0013', N'MV002', 130000, CAST(N'2022-12-10T15:00:00.000' AS DateTime), N'Normal', N'Vietsub', N'R0009')
INSERT [dbo].[SESSION] ([SID], [MID], [PRICE], [SD], [MFORMAT], [SUBTITLE], [RID]) VALUES (N'S0014', N'MV001', 140000, CAST(N'2022-12-12T13:00:00.000' AS DateTime), N'Normal', N'Vietsub', N'R0010')
INSERT [dbo].[SESSION] ([SID], [MID], [PRICE], [SD], [MFORMAT], [SUBTITLE], [RID]) VALUES (N'S0015', N'MV001', 125000, CAST(N'2022-12-12T17:00:00.000' AS DateTime), N'Normal', N'Viet-Dubbed', N'R0011')
INSERT [dbo].[SESSION] ([SID], [MID], [PRICE], [SD], [MFORMAT], [SUBTITLE], [RID]) VALUES (N'S0016', N'MV002', 130000, CAST(N'2022-12-10T14:30:00.000' AS DateTime), N'Normal', N'Vietsub', N'R0007')
INSERT [dbo].[SESSION] ([SID], [MID], [PRICE], [SD], [MFORMAT], [SUBTITLE], [RID]) VALUES (N'S0017', N'MV001', 100000, CAST(N'2022-12-11T19:45:00.000' AS DateTime), N'Normal', N'Vietsub', N'R0007')
INSERT [dbo].[SESSION] ([SID], [MID], [PRICE], [SD], [MFORMAT], [SUBTITLE], [RID]) VALUES (N'S0018', N'MV002', 120000, CAST(N'2022-12-10T12:45:00.000' AS DateTime), N'Normal', N'Vietsub', N'R0009')
INSERT [dbo].[SESSION] ([SID], [MID], [PRICE], [SD], [MFORMAT], [SUBTITLE], [RID]) VALUES (N'S0019', N'MV002', 180000, CAST(N'2022-12-12T13:00:00.000' AS DateTime), N'IMAX', N'Vietsub', N'R0001')
INSERT [dbo].[SESSION] ([SID], [MID], [PRICE], [SD], [MFORMAT], [SUBTITLE], [RID]) VALUES (N'S0020', N'MV001', 135000, CAST(N'2022-12-10T15:00:00.000' AS DateTime), N'Normal', N'Viet-Dubbed', N'R0002')
INSERT [dbo].[SESSION] ([SID], [MID], [PRICE], [SD], [MFORMAT], [SUBTITLE], [RID]) VALUES (N'S0021', N'MV001', 120000, CAST(N'2022-12-10T13:00:00.000' AS DateTime), N'Normal', N'Vietsub', N'R0003')
INSERT [dbo].[SESSION] ([SID], [MID], [PRICE], [SD], [MFORMAT], [SUBTITLE], [RID]) VALUES (N'S0022', N'MV001', 130000, CAST(N'2022-12-11T11:00:00.000' AS DateTime), N'Normal', N'Vietsub', N'R0008')
INSERT [dbo].[SESSION] ([SID], [MID], [PRICE], [SD], [MFORMAT], [SUBTITLE], [RID]) VALUES (N'S0023', N'MV002', 180000, CAST(N'2022-12-10T22:00:00.000' AS DateTime), N'IMAX', N'Vietsub', N'R0005')
INSERT [dbo].[SESSION] ([SID], [MID], [PRICE], [SD], [MFORMAT], [SUBTITLE], [RID]) VALUES (N'S0024', N'MV001', 120000, CAST(N'2022-12-11T20:30:00.000' AS DateTime), N'Normal', N'Vietsub', N'R0006')
INSERT [dbo].[SESSION] ([SID], [MID], [PRICE], [SD], [MFORMAT], [SUBTITLE], [RID]) VALUES (N'S0025', N'MV001', 140000, CAST(N'2022-12-10T19:50:00.000' AS DateTime), N'IMAX', N'Vietsub', N'R0003')
INSERT [dbo].[SESSION] ([SID], [MID], [PRICE], [SD], [MFORMAT], [SUBTITLE], [RID]) VALUES (N'S0026', N'MV002', 130000, CAST(N'2022-12-12T17:30:00.000' AS DateTime), N'Normal', N'Viet-Dubbed', N'R0002')
INSERT [dbo].[SESSION] ([SID], [MID], [PRICE], [SD], [MFORMAT], [SUBTITLE], [RID]) VALUES (N'S0027', N'MV001', 125000, CAST(N'2022-12-10T17:00:00.000' AS DateTime), N'Normal', N'Vietsub', N'R0009')
INSERT [dbo].[SESSION] ([SID], [MID], [PRICE], [SD], [MFORMAT], [SUBTITLE], [RID]) VALUES (N'S0028', N'MV001', 120000, CAST(N'2022-12-12T17:00:00.000' AS DateTime), N'Normal', N'Vietsub', N'R0011')
INSERT [dbo].[SESSION] ([SID], [MID], [PRICE], [SD], [MFORMAT], [SUBTITLE], [RID]) VALUES (N'S0029', N'MV003', 120000, CAST(N'2022-12-16T17:00:00.000' AS DateTime), N'Normal', N'Viet-Dubbed', N'R0001')
INSERT [dbo].[SESSION] ([SID], [MID], [PRICE], [SD], [MFORMAT], [SUBTITLE], [RID]) VALUES (N'S0030', N'MV003', 120000, CAST(N'2022-12-16T17:00:00.000' AS DateTime), N'Normal', N'Vietsub', N'R0002')
INSERT [dbo].[SESSION] ([SID], [MID], [PRICE], [SD], [MFORMAT], [SUBTITLE], [RID]) VALUES (N'S0031', N'MV003', 120000, CAST(N'2022-12-16T17:00:00.000' AS DateTime), N'Normal', N'Vietsub', N'R0003')
INSERT [dbo].[SESSION] ([SID], [MID], [PRICE], [SD], [MFORMAT], [SUBTITLE], [RID]) VALUES (N'S0032', N'MV003', 120000, CAST(N'2022-12-16T17:00:00.000' AS DateTime), N'Normal', N'Viet-Dubbed', N'R0004')
INSERT [dbo].[SESSION] ([SID], [MID], [PRICE], [SD], [MFORMAT], [SUBTITLE], [RID]) VALUES (N'S0033', N'MV003', 120000, CAST(N'2022-12-16T17:00:00.000' AS DateTime), N'Normal', N'Vietsub', N'R0005')
INSERT [dbo].[SESSION] ([SID], [MID], [PRICE], [SD], [MFORMAT], [SUBTITLE], [RID]) VALUES (N'S0034', N'MV003', 120000, CAST(N'2022-12-16T17:00:00.000' AS DateTime), N'Normal', N'Vietsub', N'R0006')
INSERT [dbo].[SESSION] ([SID], [MID], [PRICE], [SD], [MFORMAT], [SUBTITLE], [RID]) VALUES (N'S0035', N'MV003', 120000, CAST(N'2022-12-16T17:00:00.000' AS DateTime), N'Normal', N'Viet-Dubbed', N'R0007')
INSERT [dbo].[SESSION] ([SID], [MID], [PRICE], [SD], [MFORMAT], [SUBTITLE], [RID]) VALUES (N'S0036', N'MV003', 120000, CAST(N'2022-12-16T17:00:00.000' AS DateTime), N'Normal', N'Vietsub', N'R0008')
INSERT [dbo].[SESSION] ([SID], [MID], [PRICE], [SD], [MFORMAT], [SUBTITLE], [RID]) VALUES (N'S0037', N'MV003', 120000, CAST(N'2022-12-16T17:00:00.000' AS DateTime), N'Normal', N'Vietsub', N'R0009')
INSERT [dbo].[SESSION] ([SID], [MID], [PRICE], [SD], [MFORMAT], [SUBTITLE], [RID]) VALUES (N'S0038', N'MV003', 120000, CAST(N'2022-12-16T17:00:00.000' AS DateTime), N'Normal', N'Viet-Dubbed', N'R0010')
INSERT [dbo].[SESSION] ([SID], [MID], [PRICE], [SD], [MFORMAT], [SUBTITLE], [RID]) VALUES (N'S0039', N'MV003', 120000, CAST(N'2022-12-16T17:00:00.000' AS DateTime), N'Normal', N'Vietsub', N'R0011')
INSERT [dbo].[SESSION] ([SID], [MID], [PRICE], [SD], [MFORMAT], [SUBTITLE], [RID]) VALUES (N'S0040', N'MV004', 130000, CAST(N'2022-12-16T17:00:00.000' AS DateTime), N'Normal', N'Viet-Dubbed', N'R0001')
INSERT [dbo].[SESSION] ([SID], [MID], [PRICE], [SD], [MFORMAT], [SUBTITLE], [RID]) VALUES (N'S0041', N'MV004', 130000, CAST(N'2022-12-16T17:00:00.000' AS DateTime), N'Normal', N'Vietsub', N'R0002')
INSERT [dbo].[SESSION] ([SID], [MID], [PRICE], [SD], [MFORMAT], [SUBTITLE], [RID]) VALUES (N'S0042', N'MV004', 130000, CAST(N'2022-12-16T17:00:00.000' AS DateTime), N'Normal', N'Vietsub', N'R0003')
INSERT [dbo].[SESSION] ([SID], [MID], [PRICE], [SD], [MFORMAT], [SUBTITLE], [RID]) VALUES (N'S0043', N'MV004', 130000, CAST(N'2022-12-16T17:00:00.000' AS DateTime), N'Normal', N'Viet-Dubbed', N'R0004')
INSERT [dbo].[SESSION] ([SID], [MID], [PRICE], [SD], [MFORMAT], [SUBTITLE], [RID]) VALUES (N'S0044', N'MV004', 130000, CAST(N'2022-12-16T17:00:00.000' AS DateTime), N'Normal', N'Vietsub', N'R0005')
INSERT [dbo].[SESSION] ([SID], [MID], [PRICE], [SD], [MFORMAT], [SUBTITLE], [RID]) VALUES (N'S0045', N'MV004', 130000, CAST(N'2022-12-16T17:00:00.000' AS DateTime), N'Normal', N'Vietsub', N'R0006')
INSERT [dbo].[SESSION] ([SID], [MID], [PRICE], [SD], [MFORMAT], [SUBTITLE], [RID]) VALUES (N'S0046', N'MV004', 130000, CAST(N'2022-12-16T17:00:00.000' AS DateTime), N'Normal', N'Viet-Dubbed', N'R0007')
INSERT [dbo].[SESSION] ([SID], [MID], [PRICE], [SD], [MFORMAT], [SUBTITLE], [RID]) VALUES (N'S0047', N'MV004', 130000, CAST(N'2022-12-16T17:00:00.000' AS DateTime), N'Normal', N'Vietsub', N'R0008')
INSERT [dbo].[SESSION] ([SID], [MID], [PRICE], [SD], [MFORMAT], [SUBTITLE], [RID]) VALUES (N'S0048', N'MV004', 130000, CAST(N'2022-12-16T17:00:00.000' AS DateTime), N'Normal', N'Vietsub', N'R0009')
INSERT [dbo].[SESSION] ([SID], [MID], [PRICE], [SD], [MFORMAT], [SUBTITLE], [RID]) VALUES (N'S0049', N'MV004', 130000, CAST(N'2022-12-16T17:00:00.000' AS DateTime), N'Normal', N'Viet-Dubbed', N'R0010')
INSERT [dbo].[SESSION] ([SID], [MID], [PRICE], [SD], [MFORMAT], [SUBTITLE], [RID]) VALUES (N'S0050', N'MV004', 130000, CAST(N'2022-12-16T17:00:00.000' AS DateTime), N'Normal', N'Vietsub', N'R0011')
GO
INSERT [dbo].[TICKET] ([TID], [BID], [CHAIR]) VALUES (N'S000200001C09', N'S000200001', N'C09')
INSERT [dbo].[TICKET] ([TID], [BID], [CHAIR]) VALUES (N'S000200001C10', N'S000200001', N'C10')
INSERT [dbo].[TICKET] ([TID], [BID], [CHAIR]) VALUES (N'S000200001C11', N'S000200001', N'C11')
INSERT [dbo].[TICKET] ([TID], [BID], [CHAIR]) VALUES (N'S000200001C13', N'S000200001', N'C13')
INSERT [dbo].[TICKET] ([TID], [BID], [CHAIR]) VALUES (N'S000200001C14', N'S000200001', N'C14')
INSERT [dbo].[TICKET] ([TID], [BID], [CHAIR]) VALUES (N'S000200001C15', N'S000200001', N'C15')
INSERT [dbo].[TICKET] ([TID], [BID], [CHAIR]) VALUES (N'S000200001D09', N'S000200001', N'D09')
INSERT [dbo].[TICKET] ([TID], [BID], [CHAIR]) VALUES (N'S000200001D10', N'S000200001', N'D10')
INSERT [dbo].[TICKET] ([TID], [BID], [CHAIR]) VALUES (N'S000200001D11', N'S000200001', N'D11')
INSERT [dbo].[TICKET] ([TID], [BID], [CHAIR]) VALUES (N'S000200001E09', N'S000200001', N'E09')
INSERT [dbo].[TICKET] ([TID], [BID], [CHAIR]) VALUES (N'S000200001E10', N'S000200001', N'E10')
INSERT [dbo].[TICKET] ([TID], [BID], [CHAIR]) VALUES (N'S000200001E11', N'S000200001', N'E11')
INSERT [dbo].[TICKET] ([TID], [BID], [CHAIR]) VALUES (N'S000200001E16', N'S000200001', N'E16')
INSERT [dbo].[TICKET] ([TID], [BID], [CHAIR]) VALUES (N'S000200001E17', N'S000200001', N'E17')
INSERT [dbo].[TICKET] ([TID], [BID], [CHAIR]) VALUES (N'S000200001E18', N'S000200001', N'E18')
INSERT [dbo].[TICKET] ([TID], [BID], [CHAIR]) VALUES (N'S000200001F09', N'S000200001', N'F09')
INSERT [dbo].[TICKET] ([TID], [BID], [CHAIR]) VALUES (N'S000200001F10', N'S000200001', N'F10')
INSERT [dbo].[TICKET] ([TID], [BID], [CHAIR]) VALUES (N'S000200001F11', N'S000200001', N'F11')
INSERT [dbo].[TICKET] ([TID], [BID], [CHAIR]) VALUES (N'S000200001G09', N'S000200001', N'G09')
INSERT [dbo].[TICKET] ([TID], [BID], [CHAIR]) VALUES (N'S000200001G10', N'S000200001', N'G10')
INSERT [dbo].[TICKET] ([TID], [BID], [CHAIR]) VALUES (N'S000200001G11', N'S000200001', N'G11')
INSERT [dbo].[TICKET] ([TID], [BID], [CHAIR]) VALUES (N'S000200001G12', N'S000200001', N'G12')
INSERT [dbo].[TICKET] ([TID], [BID], [CHAIR]) VALUES (N'S000200001G13', N'S000200001', N'G13')
INSERT [dbo].[TICKET] ([TID], [BID], [CHAIR]) VALUES (N'S000200001G14', N'S000200001', N'G14')
INSERT [dbo].[TICKET] ([TID], [BID], [CHAIR]) VALUES (N'S000200001G15', N'S000200001', N'G15')
INSERT [dbo].[TICKET] ([TID], [BID], [CHAIR]) VALUES (N'S000200001G16', N'S000200001', N'G16')
INSERT [dbo].[TICKET] ([TID], [BID], [CHAIR]) VALUES (N'S000200001G17', N'S000200001', N'G17')
INSERT [dbo].[TICKET] ([TID], [BID], [CHAIR]) VALUES (N'S000200001G18', N'S000200001', N'G18')
INSERT [dbo].[TICKET] ([TID], [BID], [CHAIR]) VALUES (N'S000200001G19', N'S000200001', N'G19')
INSERT [dbo].[TICKET] ([TID], [BID], [CHAIR]) VALUES (N'S000200001G20', N'S000200001', N'G20')
INSERT [dbo].[TICKET] ([TID], [BID], [CHAIR]) VALUES (N'S000200001H09', N'S000200001', N'H09')
INSERT [dbo].[TICKET] ([TID], [BID], [CHAIR]) VALUES (N'S000200001H10', N'S000200001', N'H10')
INSERT [dbo].[TICKET] ([TID], [BID], [CHAIR]) VALUES (N'S000200001H11', N'S000200001', N'H11')
INSERT [dbo].[TICKET] ([TID], [BID], [CHAIR]) VALUES (N'S000200001H12', N'S000200001', N'H12')
INSERT [dbo].[TICKET] ([TID], [BID], [CHAIR]) VALUES (N'S000200001H13', N'S000200001', N'H13')
INSERT [dbo].[TICKET] ([TID], [BID], [CHAIR]) VALUES (N'S000200001H14', N'S000200001', N'H14')
INSERT [dbo].[TICKET] ([TID], [BID], [CHAIR]) VALUES (N'S000200001H15', N'S000200001', N'H15')
INSERT [dbo].[TICKET] ([TID], [BID], [CHAIR]) VALUES (N'S000200001H16', N'S000200001', N'H16')
INSERT [dbo].[TICKET] ([TID], [BID], [CHAIR]) VALUES (N'S000200001H17', N'S000200001', N'H17')
INSERT [dbo].[TICKET] ([TID], [BID], [CHAIR]) VALUES (N'S000200001H18', N'S000200001', N'H18')
INSERT [dbo].[TICKET] ([TID], [BID], [CHAIR]) VALUES (N'S000200001H19', N'S000200001', N'H19')
INSERT [dbo].[TICKET] ([TID], [BID], [CHAIR]) VALUES (N'S000200001H20', N'S000200001', N'H20')
INSERT [dbo].[TICKET] ([TID], [BID], [CHAIR]) VALUES (N'S000200001I09', N'S000200001', N'I09')
INSERT [dbo].[TICKET] ([TID], [BID], [CHAIR]) VALUES (N'S000200001I10', N'S000200001', N'I10')
INSERT [dbo].[TICKET] ([TID], [BID], [CHAIR]) VALUES (N'S000200001I11', N'S000200001', N'I11')
INSERT [dbo].[TICKET] ([TID], [BID], [CHAIR]) VALUES (N'S000200001I12', N'S000200001', N'I12')
INSERT [dbo].[TICKET] ([TID], [BID], [CHAIR]) VALUES (N'S000200001I13', N'S000200001', N'I13')
INSERT [dbo].[TICKET] ([TID], [BID], [CHAIR]) VALUES (N'S000200001I14', N'S000200001', N'I14')
INSERT [dbo].[TICKET] ([TID], [BID], [CHAIR]) VALUES (N'S000200001I15', N'S000200001', N'I15')
INSERT [dbo].[TICKET] ([TID], [BID], [CHAIR]) VALUES (N'S000200001I16', N'S000200001', N'I16')
INSERT [dbo].[TICKET] ([TID], [BID], [CHAIR]) VALUES (N'S000200001I17', N'S000200001', N'I17')
INSERT [dbo].[TICKET] ([TID], [BID], [CHAIR]) VALUES (N'S000200001I18', N'S000200001', N'I18')
INSERT [dbo].[TICKET] ([TID], [BID], [CHAIR]) VALUES (N'S000200001I19', N'S000200001', N'I19')
INSERT [dbo].[TICKET] ([TID], [BID], [CHAIR]) VALUES (N'S000200001I20', N'S000200001', N'I20')
INSERT [dbo].[TICKET] ([TID], [BID], [CHAIR]) VALUES (N'S000200001J09', N'S000200001', N'J09')
INSERT [dbo].[TICKET] ([TID], [BID], [CHAIR]) VALUES (N'S000200001J10', N'S000200001', N'J10')
INSERT [dbo].[TICKET] ([TID], [BID], [CHAIR]) VALUES (N'S000200001J11', N'S000200001', N'J11')
INSERT [dbo].[TICKET] ([TID], [BID], [CHAIR]) VALUES (N'S000200001J12', N'S000200001', N'J12')
INSERT [dbo].[TICKET] ([TID], [BID], [CHAIR]) VALUES (N'S000200001J13', N'S000200001', N'J13')
INSERT [dbo].[TICKET] ([TID], [BID], [CHAIR]) VALUES (N'S000200001J14', N'S000200001', N'J14')
INSERT [dbo].[TICKET] ([TID], [BID], [CHAIR]) VALUES (N'S000200001J15', N'S000200001', N'J15')
INSERT [dbo].[TICKET] ([TID], [BID], [CHAIR]) VALUES (N'S000200001J16', N'S000200001', N'J16')
INSERT [dbo].[TICKET] ([TID], [BID], [CHAIR]) VALUES (N'S000200001J17', N'S000200001', N'J17')
INSERT [dbo].[TICKET] ([TID], [BID], [CHAIR]) VALUES (N'S000200001J18', N'S000200001', N'J18')
INSERT [dbo].[TICKET] ([TID], [BID], [CHAIR]) VALUES (N'S000200001J19', N'S000200001', N'J19')
INSERT [dbo].[TICKET] ([TID], [BID], [CHAIR]) VALUES (N'S000200001J20', N'S000200001', N'J20')
INSERT [dbo].[TICKET] ([TID], [BID], [CHAIR]) VALUES (N'S000200001K09', N'S000200001', N'K09')
INSERT [dbo].[TICKET] ([TID], [BID], [CHAIR]) VALUES (N'S000200001K10', N'S000200001', N'K10')
INSERT [dbo].[TICKET] ([TID], [BID], [CHAIR]) VALUES (N'S000200001K11', N'S000200001', N'K11')
INSERT [dbo].[TICKET] ([TID], [BID], [CHAIR]) VALUES (N'S000200001K12', N'S000200001', N'K12')
INSERT [dbo].[TICKET] ([TID], [BID], [CHAIR]) VALUES (N'S000200001K13', N'S000200001', N'K13')
INSERT [dbo].[TICKET] ([TID], [BID], [CHAIR]) VALUES (N'S000200001K14', N'S000200001', N'K14')
INSERT [dbo].[TICKET] ([TID], [BID], [CHAIR]) VALUES (N'S000200001K15', N'S000200001', N'K15')
INSERT [dbo].[TICKET] ([TID], [BID], [CHAIR]) VALUES (N'S000200001K16', N'S000200001', N'K16')
INSERT [dbo].[TICKET] ([TID], [BID], [CHAIR]) VALUES (N'S000200001K17', N'S000200001', N'K17')
INSERT [dbo].[TICKET] ([TID], [BID], [CHAIR]) VALUES (N'S000200001K18', N'S000200001', N'K18')
INSERT [dbo].[TICKET] ([TID], [BID], [CHAIR]) VALUES (N'S000200001K19', N'S000200001', N'K19')
INSERT [dbo].[TICKET] ([TID], [BID], [CHAIR]) VALUES (N'S000200001K20', N'S000200001', N'K20')
INSERT [dbo].[TICKET] ([TID], [BID], [CHAIR]) VALUES (N'S000200001L09', N'S000200001', N'L09')
INSERT [dbo].[TICKET] ([TID], [BID], [CHAIR]) VALUES (N'S000200001L10', N'S000200001', N'L10')
INSERT [dbo].[TICKET] ([TID], [BID], [CHAIR]) VALUES (N'S000200001L11', N'S000200001', N'L11')
INSERT [dbo].[TICKET] ([TID], [BID], [CHAIR]) VALUES (N'S000200001L12', N'S000200001', N'L12')
INSERT [dbo].[TICKET] ([TID], [BID], [CHAIR]) VALUES (N'S000200001L13', N'S000200001', N'L13')
INSERT [dbo].[TICKET] ([TID], [BID], [CHAIR]) VALUES (N'S000200001L14', N'S000200001', N'L14')
INSERT [dbo].[TICKET] ([TID], [BID], [CHAIR]) VALUES (N'S000200001L15', N'S000200001', N'L15')
INSERT [dbo].[TICKET] ([TID], [BID], [CHAIR]) VALUES (N'S000200001L16', N'S000200001', N'L16')
INSERT [dbo].[TICKET] ([TID], [BID], [CHAIR]) VALUES (N'S000200001L17', N'S000200001', N'L17')
INSERT [dbo].[TICKET] ([TID], [BID], [CHAIR]) VALUES (N'S000200001L18', N'S000200001', N'L18')
INSERT [dbo].[TICKET] ([TID], [BID], [CHAIR]) VALUES (N'S000200001L19', N'S000200001', N'L19')
INSERT [dbo].[TICKET] ([TID], [BID], [CHAIR]) VALUES (N'S000200001L20', N'S000200001', N'L20')
INSERT [dbo].[TICKET] ([TID], [BID], [CHAIR]) VALUES (N'S000200002E13', N'S000200002', N'E13')
INSERT [dbo].[TICKET] ([TID], [BID], [CHAIR]) VALUES (N'S000200002E14', N'S000200002', N'E14')
INSERT [dbo].[TICKET] ([TID], [BID], [CHAIR]) VALUES (N'S000200002E15', N'S000200002', N'E15')
INSERT [dbo].[TICKET] ([TID], [BID], [CHAIR]) VALUES (N'S001600001B12', N'S001600001', N'B12')
INSERT [dbo].[TICKET] ([TID], [BID], [CHAIR]) VALUES (N'S001600001B13', N'S001600001', N'B13')
INSERT [dbo].[TICKET] ([TID], [BID], [CHAIR]) VALUES (N'S001600001C12', N'S001600001', N'C12')
INSERT [dbo].[TICKET] ([TID], [BID], [CHAIR]) VALUES (N'S001600001C13', N'S001600001', N'C13')
INSERT [dbo].[TICKET] ([TID], [BID], [CHAIR]) VALUES (N'S001900001D13', N'S001900001', N'D13')
INSERT [dbo].[TICKET] ([TID], [BID], [CHAIR]) VALUES (N'S002400001D11', N'S002400001', N'D11')
INSERT [dbo].[TICKET] ([TID], [BID], [CHAIR]) VALUES (N'S002400001D12', N'S002400001', N'D12')
GO
INSERT [dbo].[TICKET] ([TID], [BID], [CHAIR]) VALUES (N'S002400001D13', N'S002400001', N'D13')
GO
ALTER TABLE [dbo].[BILL]  WITH CHECK ADD  CONSTRAINT [FK_SID] FOREIGN KEY([SID])
REFERENCES [dbo].[SESSION] ([SID])
GO
ALTER TABLE [dbo].[BILL] CHECK CONSTRAINT [FK_SID]
GO
ALTER TABLE [dbo].[BILL]  WITH CHECK ADD  CONSTRAINT [FK_USER] FOREIGN KEY([USERNAME])
REFERENCES [dbo].[CUSTOMER] ([USERNAME])
GO
ALTER TABLE [dbo].[BILL] CHECK CONSTRAINT [FK_USER]
GO
ALTER TABLE [dbo].[CINEMA]  WITH CHECK ADD  CONSTRAINT [FK_AID] FOREIGN KEY([AID])
REFERENCES [dbo].[AREA] ([AID])
GO
ALTER TABLE [dbo].[CINEMA] CHECK CONSTRAINT [FK_AID]
GO
ALTER TABLE [dbo].[ROOM]  WITH CHECK ADD  CONSTRAINT [FK_CID_R] FOREIGN KEY([CID])
REFERENCES [dbo].[CINEMA] ([CID])
GO
ALTER TABLE [dbo].[ROOM] CHECK CONSTRAINT [FK_CID_R]
GO
ALTER TABLE [dbo].[SESSION]  WITH CHECK ADD  CONSTRAINT [FK_MID] FOREIGN KEY([MID])
REFERENCES [dbo].[MOVIE] ([MID])
GO
ALTER TABLE [dbo].[SESSION] CHECK CONSTRAINT [FK_MID]
GO
ALTER TABLE [dbo].[SESSION]  WITH CHECK ADD  CONSTRAINT [FK_RID] FOREIGN KEY([RID])
REFERENCES [dbo].[ROOM] ([RID])
GO
--UPDATE
ALTER TABLE [dbo].[BILL]  WITH CHECK ADD  CONSTRAINT [FK_FID] FOREIGN KEY([FID])
REFERENCES [dbo].[FOOD] ([FID])
GO
ALTER TABLE [dbo].[SESSION] CHECK CONSTRAINT [FK_RID]
GO
ALTER TABLE [dbo].[TICKET]  WITH CHECK ADD  CONSTRAINT [FK_BID] FOREIGN KEY([BID])
REFERENCES [dbo].[BILL] ([BID])
GO
ALTER TABLE [dbo].[TICKET] CHECK CONSTRAINT [FK_BID]
GO
ALTER TABLE [dbo].[CUSTOMER]  WITH CHECK ADD CHECK  ((len([PASSWORD])>=(8)))
GO
USE [master]
GO
ALTER DATABASE [CINEMAX] SET  READ_WRITE 
GO


